54143370	YUME TINY HOUSE.mp4
12175222	CABANA SUÍTE INT 1.png
12028374	CABANA SUÍTE INT 4.png
11810821	CABANA SUÍTE INT 3.png
11113056	CABANA COMPLETA INT 9.png
11066796	CABANA COMPLETA INT 8.png
10863107	CABANA SUÍTE INT 2.png
10275883	CABANA COMPLETA INT 1.png
10227086	CABANA COMPLETA INT 3.png
10102809	CABANA COMPLETA INT 4.png
9322130	CONJUNTO 1B.png
9061069	CABANA COMPLETA INT 2.png
9007708	CABANA COMPLETA INT 6.png
8951898	CABANA SUÍTE INT 5.png
8937373	CABANA SUÍTE INT 7.png
8745664	CABANA COMPLETA INT 5.png
8739512	CABANA SUÍTE INT 6.png
8398595	Home_inicial.png
8317130	CABANA COMPLETA INT 7.png
7682355	CABANA SUÍTE 1.png
7644407	CONJUNTO 1C.png
7591850	CABANA COMPLETA 6.png
7590719	CABANA COMPLETA 5.png
7402252	CONJUNTO 1D.png
7322705	CABANA COMPLETA 2.png
7076391	CABANA COMPLETA 4.png
6666619	CABANA SUÍTE 5.png
6663348	CONJUNTO 1A.png
6650538	CABANA SUÍTE 6.png
6438747	CABANA SUÍTE 2.png
6296954	CONJUNTO 1E.png
6190851	CABANA SUÍTE 4.png
6054559	CABANA SUÍTE 3.png
5992212	CONJUNTO 2_A.png
5982023	CONJUNTO 2_D.png
5970229	CONJUNTO 2_B.png
5967179	CONJUNTO 2_C.png
5945745	CABANA COMPLETA 3.png
4232790	WhatsApp Video 2026-02-26 at 11.56.58.mp4
3252250	YUME-site.html
2315522	planta 1 quarto.png
234850	planta studio.jpg
